Path,Caption
01,Entrance to Strid Passage from Hammerdale Dub
02,Entrance to Skirfare Inlet from Hammerdale Dub
03,Hammerdale Dub streamway
04,Hammerdale Dub streamway
05,Hammerdale Dub streamway
06,Hammerdale Dub streamway
07,Entrance to The Wet Way in Hammerdale Dub
08,Junction of The Wet Way and The Dry Way in Hammerdale Dub
09,Entrance to The Dry Way in Hammerdale Dub
10,Hammerdale Dub streamway
11,Hammerdale Dub streamway
12,Hammerdale Dub streamway
13,Hammerdale Dub streamway
14,The Dry Way, filled with fallen boulders
15,Jammed blocks in the roof of The Dry Way
16,Langstrothdale Chase streamway
17,Langstrothdale Chase streamway
18,Langstrothdale Chase streamway
19,Langstrothdale Chase streamway
20,Langstrothdale Chase streamway
21,Langstrothdale Chase streamway
22,Langstrothdale Chase streamway
23,Langstrothdale Chase streamway
24,Panorama of Boireau Falls Chamber
25,Boireau Falls Chamber
26,Boireau Falls Chamber
27,Boireau Falls Chamber
28,The way on (squeeze) in the floor of Boireau Falls Chamber